-- phpMyAdmin SQL Dump
-- version 5.2.1
-- https://www.phpmyadmin.net/
--
-- Host: 127.0.0.1
-- Generation Time: Feb 10, 2026 at 08:54 AM
-- Server version: 10.4.32-MariaDB
-- PHP Version: 8.2.12

SET SQL_MODE = "NO_AUTO_VALUE_ON_ZERO";
START TRANSACTION;
SET time_zone = "+00:00";


/*!40101 SET @OLD_CHARACTER_SET_CLIENT=@@CHARACTER_SET_CLIENT */;
/*!40101 SET @OLD_CHARACTER_SET_RESULTS=@@CHARACTER_SET_RESULTS */;
/*!40101 SET @OLD_COLLATION_CONNECTION=@@COLLATION_CONNECTION */;
/*!40101 SET NAMES utf8mb4 */;

--
-- Database: `kasir`
--

-- --------------------------------------------------------

--
-- Table structure for table `detailpenjualan`
--

CREATE TABLE `detailpenjualan` (
  `DetailID` int(11) NOT NULL,
  `PenjualanID` int(11) NOT NULL,
  `ProdukID` int(11) NOT NULL,
  `JumlahProduk` int(11) NOT NULL,
  `Subtotal` decimal(10,2) NOT NULL
) ENGINE=InnoDB DEFAULT CHARSET=utf8mb4 COLLATE=utf8mb4_general_ci;

--
-- Dumping data for table `detailpenjualan`
--

INSERT INTO `detailpenjualan` (`DetailID`, `PenjualanID`, `ProdukID`, `JumlahProduk`, `Subtotal`) VALUES
(1, 1, 3, 1, 80000.00),
(2, 1, 1, 1, 1000000.00),
(3, 1, 2, 1, 5000.00),
(4, 2, 2, 20, 100000.00),
(5, 3, 2, 1, 5000.00),
(6, 3, 1, 1, 1000000.00),
(7, 3, 3, 1, 80000.00),
(8, 4, 1, 1, 1000000.00),
(9, 4, 3, 1, 80000.00),
(10, 4, 2, 1, 5000.00);

-- --------------------------------------------------------

--
-- Table structure for table `pelanggan`
--

CREATE TABLE `pelanggan` (
  `PelangganID` int(11) NOT NULL,
  `NamaPelanggan` varchar(255) NOT NULL,
  `Alamat` text NOT NULL,
  `NomorTelepon` varchar(15) NOT NULL
) ENGINE=InnoDB DEFAULT CHARSET=utf8mb4 COLLATE=utf8mb4_general_ci;

--
-- Dumping data for table `pelanggan`
--

INSERT INTO `pelanggan` (`PelangganID`, `NamaPelanggan`, `Alamat`, `NomorTelepon`) VALUES
(1, 'zaraa', 'Jl.Bukit Barisan', '082172049628'),
(2, 'yuda pace', 'Jl.Transmart', '0987654321'),
(3, 'cerin', 'rawa bening', '15345644'),
(4, '', '', '');

-- --------------------------------------------------------

--
-- Table structure for table `penjualan`
--

CREATE TABLE `penjualan` (
  `PenjualanID` int(11) NOT NULL,
  `TanggalPenjualan` datetime NOT NULL DEFAULT current_timestamp(),
  `Totalharga` decimal(10,2) NOT NULL,
  `PelangganID` int(11) NOT NULL
) ENGINE=InnoDB DEFAULT CHARSET=utf8mb4 COLLATE=utf8mb4_general_ci;

--
-- Dumping data for table `penjualan`
--

INSERT INTO `penjualan` (`PenjualanID`, `TanggalPenjualan`, `Totalharga`, `PelangganID`) VALUES
(1, '2026-02-09 14:45:24', 1085000.00, 1),
(2, '2026-02-09 15:15:01', 100000.00, 2),
(3, '2026-02-10 14:08:39', 1085000.00, 3),
(4, '2026-02-10 14:52:02', 1085000.00, 4);

-- --------------------------------------------------------

--
-- Table structure for table `produk`
--

CREATE TABLE `produk` (
  `ProdukID` int(11) NOT NULL,
  `NamaProduk` varchar(255) NOT NULL,
  `Harga` decimal(10,2) NOT NULL,
  `Stok` int(11) NOT NULL
) ENGINE=InnoDB DEFAULT CHARSET=utf8mb4 COLLATE=utf8mb4_general_ci;

--
-- Dumping data for table `produk`
--

INSERT INTO `produk` (`ProdukID`, `NamaProduk`, `Harga`, `Stok`) VALUES
(1, 'NIKE AIR FORCE', 1000000.00, 17),
(2, 'PENA', 5000.00, 2),
(3, 'MOUSE', 80000.00, 17);

-- --------------------------------------------------------

--
-- Table structure for table `user`
--

CREATE TABLE `user` (
  `UserID` int(11) NOT NULL,
  `Username` varchar(255) NOT NULL,
  `Password` varchar(255) NOT NULL,
  `Role` enum('admin','petugas') NOT NULL
) ENGINE=InnoDB DEFAULT CHARSET=utf8mb4 COLLATE=utf8mb4_general_ci;

--
-- Dumping data for table `user`
--

INSERT INTO `user` (`UserID`, `Username`, `Password`, `Role`) VALUES
(1, 'admin', '123', 'admin'),
(2, 'fahri', '123', 'petugas');

--
-- Indexes for dumped tables
--

--
-- Indexes for table `detailpenjualan`
--
ALTER TABLE `detailpenjualan`
  ADD PRIMARY KEY (`DetailID`),
  ADD KEY `detailpenjualan_ibfk_1` (`PenjualanID`),
  ADD KEY `detailpenjualan_ibfk_2` (`ProdukID`);

--
-- Indexes for table `pelanggan`
--
ALTER TABLE `pelanggan`
  ADD PRIMARY KEY (`PelangganID`);

--
-- Indexes for table `penjualan`
--
ALTER TABLE `penjualan`
  ADD PRIMARY KEY (`PenjualanID`),
  ADD KEY `penjualan_ibfk_1` (`PelangganID`);

--
-- Indexes for table `produk`
--
ALTER TABLE `produk`
  ADD PRIMARY KEY (`ProdukID`);

--
-- Indexes for table `user`
--
ALTER TABLE `user`
  ADD PRIMARY KEY (`UserID`);

--
-- AUTO_INCREMENT for dumped tables
--

--
-- AUTO_INCREMENT for table `detailpenjualan`
--
ALTER TABLE `detailpenjualan`
  MODIFY `DetailID` int(11) NOT NULL AUTO_INCREMENT, AUTO_INCREMENT=11;

--
-- AUTO_INCREMENT for table `pelanggan`
--
ALTER TABLE `pelanggan`
  MODIFY `PelangganID` int(11) NOT NULL AUTO_INCREMENT, AUTO_INCREMENT=5;

--
-- AUTO_INCREMENT for table `penjualan`
--
ALTER TABLE `penjualan`
  MODIFY `PenjualanID` int(11) NOT NULL AUTO_INCREMENT, AUTO_INCREMENT=5;

--
-- AUTO_INCREMENT for table `produk`
--
ALTER TABLE `produk`
  MODIFY `ProdukID` int(11) NOT NULL AUTO_INCREMENT, AUTO_INCREMENT=4;

--
-- AUTO_INCREMENT for table `user`
--
ALTER TABLE `user`
  MODIFY `UserID` int(11) NOT NULL AUTO_INCREMENT, AUTO_INCREMENT=3;

--
-- Constraints for dumped tables
--

--
-- Constraints for table `detailpenjualan`
--
ALTER TABLE `detailpenjualan`
  ADD CONSTRAINT `detailpenjualan_ibfk_1` FOREIGN KEY (`PenjualanID`) REFERENCES `penjualan` (`PenjualanID`) ON DELETE CASCADE ON UPDATE CASCADE,
  ADD CONSTRAINT `detailpenjualan_ibfk_2` FOREIGN KEY (`ProdukID`) REFERENCES `produk` (`ProdukID`) ON UPDATE CASCADE;

--
-- Constraints for table `penjualan`
--
ALTER TABLE `penjualan`
  ADD CONSTRAINT `penjualan_ibfk_1` FOREIGN KEY (`PelangganID`) REFERENCES `pelanggan` (`PelangganID`);
COMMIT;

/*!40101 SET CHARACTER_SET_CLIENT=@OLD_CHARACTER_SET_CLIENT */;
/*!40101 SET CHARACTER_SET_RESULTS=@OLD_CHARACTER_SET_RESULTS */;
/*!40101 SET COLLATION_CONNECTION=@OLD_COLLATION_CONNECTION */;
